canonical,Meta Title,Meta Deskripsi
win69 slot,win69 slot: Situs Slot Gacor 2024 Terbaru,"Temukan keseruan bermain di Win69 Slot, situs slot gacor terbaru 2024. Nikmati berbagai permainan menarik dan peluang menang yang menggiurkan setiap harinya!"
win888 slot,win888 slot: Slot Demo Gratis Pragmatic Play no Deposit,Jelajahi Win888 Slot dan nikmati slot demo gratis dari Pragmatic Play tanpa deposit. Coba berbagai permainan dan tingkatkan strategi Anda sebelum bertaruh!
winrate77,winrate77: Situs Link Live Draw Sdy Hari ini Terbaru,Dapatkan informasi terkini tentang live draw SDY di Winrate77. Temukan link terbaru untuk mengikuti setiap pengundian dengan mudah dan cepat!
winstar77,winstar77: Daftar 10000 Tafsir Mimpi 4d Abjad Lengkap,Winstar77 menyediakan daftar lengkap 10000 tafsir mimpi 4D berdasarkan abjad. Temukan makna mimpi Anda dan jadikan referensi untuk bertaruh!
wisma99,wisma99: Buku Mimpi 3d Bergambar Lebih Lengkap,Wisma99 adalah sumber terbaik untuk buku mimpi 3D bergambar lengkap. Temukan panduan mimpi yang informatif dan mudah dipahami untuk setiap angka keberuntungan!
xoxe88 slot,xoxe88 slot: Daftar Agen Situs Judi Slot Terpercaya di Indonesia,"Bergabunglah dengan Xoxe88 Slot, agen judi slot terpercaya di Indonesia. Nikmati permainan berkualitas dan layanan terbaik untuk pengalaman taruhan yang tak terlupakan!"
yamaha4d,yamaha4d: Buku Mimpi 2d Bergambar Berurutan Terlengkap,Temukan buku mimpi 2D bergambar berurutan terlengkap di Yamaha4D. Jadikan mimpi Anda sebagai panduan untuk meraih keberuntungan dalam permainan!
yok633 slot,yok633 slot: Info Jam Gacor Slot Pragmatic Hari ini,Dapatkan informasi terbaru tentang jam gacor slot Pragmatic di Yok633 Slot. Tingkatkan peluang menang Anda dengan bermain di waktu yang tepat!
zipo4d slot,zipo4d slot: Situs Slot Judi Online24jam Deposit Uang 10 Ribu,Zipo4D Slot menawarkan kemudahan bermain slot judi online 24 jam dengan deposit mulai dari 10 ribu. Ayo bergabung dan nikmati keseruan tanpa batas!
zippo88,zippo88: Situs Gacor Hari Ini Modal Receh 10 Ribu Via Pulsa,"Nikmati pengalaman bermain di Zippo88, situs gacor hari ini dengan modal receh hanya 10 ribu via pulsa. Raih jackpot besar dengan taruhan minimal!"
zona4d,zona4d: Buku Tafsir Mimpi 4d Terlengkap,Zona4D adalah buku tafsir mimpi 4D terlengkap yang membantu Anda memahami makna di balik mimpi. Gunakan sebagai referensi untuk bertaruh dengan bijak!
zona777,zona777: Daftar Link Slot Gacor Hari ini Pragmatic Play,Temukan daftar link slot gacor hari ini dari Pragmatic Play di Zona777. Dapatkan akses cepat ke permainan terbaik dan tingkatkan peluang Anda untuk menang!
warung99,warung99: Link Resmi Terbaru Erek Erek 2d Bergambar Lengkap,Warung99 menyediakan link resmi terbaru untuk erek erek 2D bergambar lengkap. Temukan angka keberuntungan Anda dan jadikan referensi untuk taruhan!
joker123,joker123: Situs Judi Slot Online Gampang Menang,Joker123 adalah situs judi slot online yang menawarkan kemudahan menang. Bergabunglah sekarang dan nikmati berbagai permainan dengan peluang tinggi!
asialive,asialive: Link Slot Gacor Hari ini Modal Receh 10 Ribu,AsiaLive menghadirkan link slot gacor hari ini dengan modal receh hanya 10 ribu. Ayo mainkan dan raih kemenangan besar dengan taruhan minimal!
